hook_power,offer_strength,persuasion_depth,narrative_emotion,structure_flow,cta_clarity,audience_targeting,funnel_fit,platform_optimization,overall_impact,total_score,verdict,business_type,platform,audience_temperature,ad_copy,quality_tier
2,2,2,1,3,2,2,3,3,2,22,Kill It,services,meta,cold,"Are you looking to get in shape and live a healthier lifestyle? 🏋️

At Peak Performance Fitness Coaching, we offer a wide range of fitness services designed to help you reach your goals.

Our coaching program includes:
• Personalized workout plans
• Nutrition guidance
• One-on-one coaching sessions
• Progress tracking
• Access to our online portal
• Weekly check-ins
• Video exercise library
• Meal planning resources

We have helped many people on their fitness journey and we would love to help you too. Our coaches are certified professionals with lots of experience in the fitness industry.

Getting fit is important for your overall health and wellbeing. Exercise has many benefits including improved energy, better sleep, and reduced stress.

Whether you want to lose weight, build muscle, or just feel better, we have a program that can work for you. We offer flexible scheduling and different package options to fit your budget and lifestyle.

If you are interested in learning more about our fitness coaching services, feel free to reach out to us. You can visit our website or send us a message for more information.

Start your fitness journey today with Peak Performance Fitness Coaching! 💪

#fitness #health #coaching #workout #lifestyle #wellness #fitnessmotivation",weak
1,1,1,1,2,2,1,2,2,1,14,Kill It,saas,unknown,cold,"Are you a business owner looking to grow your business? Introducing TaskFlow Pro — the all-in-one software solution for your business needs.

TaskFlow Pro has tons of amazing features including dashboards, reporting tools, integrations, cloud storage, team collaboration, automated workflows, real-time analytics, customizable templates, API access, and so much more.

Our platform is designed to help businesses of all sizes streamline their operations and improve productivity across all departments.

We also offer a mobile app, 24/7 support, regular updates, and a user-friendly interface that makes everything easier for your entire team.

TaskFlow Pro works for startups, enterprises, agencies, freelancers, and everyone in between.

With our flexible pricing plans, there's an option for every budget and every business type no matter where you are in your journey.

TaskFlow Pro — the software that does it all.

Check us out online to learn more about everything we have to offer and see if it might be a good fit for your business needs today.",weak
1,1,1,1,2,2,1,2,2,1,14,Kill It,ecommerce,unknown,cold,"**Introducing Our Amazing Online Store! 🛍️**

We sell high-quality products for everyone. Our store has a wide variety of items including clothing, accessories, home goods, and so much more.

Our products are made with great materials and come in many different colors and sizes. We have been working hard to bring you the best selection possible.

Some features of our products:
• High quality
• Great prices
• Fast shipping
• Many options available
• Good for all ages

We believe in providing excellent products to our valued customers. Shopping online has never been easier and we want to make your experience a great one.

Visit our website to browse our full collection. There is something for everyone so make sure to check out everything we have to offer.

We update our inventory regularly so keep checking back for new arrivals. You won't want to miss out on what we have in store.

Shop with us today at our website!

www.ourstore.com",weak
1,1,1,1,2,2,1,2,2,1,14,Kill It,info product,unknown,cold,"Are you looking to make more money online? Our information product can help you achieve your financial goals and live the life you've always dreamed of.

We have a comprehensive course that covers everything you need to know. You'll learn about business strategies, marketing techniques, productivity tips, money mindset, and so much more. Our program includes video lessons, PDF guides, worksheets, and bonus content.

The information inside is very valuable and can be applied to many different situations. We cover a wide range of topics that are relevant to entrepreneurs and people who want to succeed in today's digital economy.

Our experts have years of experience in their fields and have put together all of this knowledge in one convenient place. You'll have access to everything you need to get started on your journey.

This course is perfect for beginners and experienced people alike. Whether you're just starting out or looking to take things to the next level, there's something for everyone inside.

We offer different pricing options to fit your budget and you can get started today. Visit our website to learn more about everything that's included in our program and how it can benefit you.

Don't miss out on this opportunity to invest in yourself and your future. Head over to our website and check it out.",weak
1,1,1,1,2,2,1,2,2,1,14,Kill It,services,unknown,cold,"**We Help Businesses Grow Online**

At Digital Apex Agency, we offer a wide range of services to help your business succeed in today's competitive digital landscape.

Our services include:

• Social Media Management
• SEO Optimization
• Paid Advertising
• Content Creation
• Email Marketing
• Website Design
• Brand Strategy

We have a team of experienced professionals who are passionate about what they do and committed to delivering results for our clients.

Whether you're a small business or a large enterprise, we have solutions that can work for you. Our comprehensive approach means we look at every aspect of your digital presence to find opportunities for improvement.

We understand that every business is different, which is why we tailor our strategies to meet your unique needs and goals.

Digital marketing is important in today's world and having the right agency by your side can make all the difference for your business growth and online visibility.

If you're looking to take your business to the next level, we might be the right fit for you.

Learn more about what we do by visiting our website.

www.digitalapexagency.com",weak
1,2,1,2,3,2,1,3,2,1,18,Kill It,services,unknown,cold,"Hey everyone! Are you looking to get fit and reach your health goals? At Peak Performance Coaching, we offer a wide range of fitness services to help you on your journey.

We have personalized workout plans, nutrition guidance, one-on-one coaching sessions, group classes, progress tracking, and so much more. Our coaches are certified and experienced in many different areas of fitness including strength training, cardio, flexibility, weight loss, and muscle building.

We work with clients of all fitness levels, whether you're a beginner or more advanced. Our program includes weekly check-ins, access to our app, video tutorials, meal planning resources, and a supportive community.

Fitness is really important for your overall health and wellbeing, and we believe everyone deserves to feel their best. Our approach is holistic and we look at the whole person, not just the physical side of things.

We have different packages available at various price points to suit different budgets and needs. Whether you're looking to lose weight, build muscle, improve your endurance, or just feel better in general, we probably have something for you.

So if you're interested in learning more about what we offer, you can check out our website or find us on social media. We'd love to connect with you and tell you more about our programs and how they might be able to help you.

Thanks for watching!",weak
1,1,1,1,2,2,1,2,2,1,14,Kill It,saas,unknown,cold,"**Introducing TaskFlow Pro — The Software Your Business Needs!**

Are you a business owner looking to improve your productivity? TaskFlow Pro is the all-in-one SaaS platform designed to help businesses of all sizes manage their operations more effectively.

Our platform includes:
- Task management features
- Team collaboration tools
- Reporting and analytics dashboard
- Cloud-based storage
- Integration capabilities
- Customizable workflows
- User-friendly interface

TaskFlow Pro helps streamline your processes and improve efficiency across your organization. Whether you're a small business or a large enterprise, our software has the tools you need to succeed in today's competitive marketplace.

We offer various pricing plans to fit different budgets and business needs. Our software is easy to use and can be set up quickly.

Businesses everywhere are choosing TaskFlow Pro for their operational needs. Our platform is reliable, secure, and constantly being updated with new features.

Learn more about what TaskFlow Pro can do for your business. Visit our website to explore our features and find out which plan might be right for you.

TaskFlow Pro — Better Business, Better Results.

www.taskflowpro.com",weak
1,1,1,1,2,1,1,2,2,1,13,Kill It,ecommerce,unknown,cold,"Hey everyone! Welcome to ShopEasy, your one-stop destination for all your online shopping needs!

We have so many amazing products available on our website. We carry electronics, clothing, home goods, accessories, beauty products, and so much more. Our inventory is constantly updated with new items every single day.

At ShopEasy, we offer fast shipping and our website is really easy to use. We have a great selection of brands and our prices are competitive. We also have a mobile app that you can download. Our customer service team is available and we have a secure checkout process. We accept all major credit cards and also PayPal.

Shopping online has never been easier. You can browse our categories and filter by price, color, size, and brand. We have a search function too so you can find exactly what you are looking for.

Our products are high quality and we have lots of options for everyone. Whether you are shopping for yourself or looking for a gift, we probably have something you might like.

So yeah, check us out sometime. You can find us online. We think you might enjoy shopping with us and hopefully you will find something that interests you.

ShopEasy. We sell things online.",weak
1,1,1,2,2,2,1,2,2,1,15,Kill It,info product,unknown,cold,"**Unlock Your Full Potential Today! 🚀**

Are you ready to take your life to the next level? Our amazing information product has everything you need to succeed!

Inside you'll get:
• Tons of valuable content
• Multiple modules covering everything
• Bonus materials included
• Lifetime access to all resources
• Regular updates added all the time

We cover mindset, productivity, goal setting, time management, financial literacy, personal development, and so much more!

This comprehensive program is designed for anyone who wants to improve themselves and achieve their goals. Whether you're a beginner or advanced, there's something for everyone.

Our easy-to-follow system breaks everything down step by step so you can start seeing results.

Don't miss out on this incredible opportunity to invest in yourself. The information inside is truly priceless and could change your life forever.

We've helped people from all walks of life transform their results using our proven methods.

Get access now and start your journey toward the life you've always dreamed of.

Visit our website to learn more about everything that's included in this life-changing program!

💻 Check the link in our bio for more information about how to get started today!",weak
1,1,1,1,2,1,1,2,2,1,13,Kill It,services,unknown,cold,"Are you a business owner looking to grow your business online? At Apex Digital Agency, we offer a wide range of services to help you succeed in today's competitive marketplace.

Our team of experienced professionals provides social media management, SEO, paid advertising, content creation, web design, email marketing, and so much more. We use the latest tools and strategies to deliver results for our clients.

We are passionate about helping businesses like yours reach their full potential. Our comprehensive approach means we handle everything so you don't have to worry about it.

We work with businesses of all sizes across many different industries. Our services are flexible and can be customized to meet your unique needs and goals.

At Apex Digital Agency, we believe in transparency, communication, and delivering value. We are committed to your success and will work hard to help you achieve your objectives.

If you're interested in learning more about what we can do for your business, feel free to visit our website or reach out to our team. We'd love to hear about your business and explore how we might be able to help.

Apex Digital Agency — we help businesses grow online.",weak
2,1,1,2,3,2,2,3,3,1,20,Kill It,services,meta,cold,"Are you looking to get fit and healthy? 🏋️

At Peak Performance Coaching, we offer a variety of fitness programs designed to help you reach your goals. Our certified coaches have years of experience in nutrition, strength training, cardio, flexibility, and overall wellness.

We provide:
• Personalized workout plans
• Nutrition guidance
• One-on-one coaching sessions
• Group fitness options
• Online and in-person availability
• Progress tracking tools
• Flexible scheduling

Fitness is important for your physical and mental health. Whether you want to lose weight, build muscle, or just feel better, we have something for everyone.

Our programs are suitable for all fitness levels, from beginners to advanced athletes. We believe that everyone deserves to live a healthy lifestyle and our team is here to support you on that journey.

Getting healthy doesn't have to be hard. Let us help you become the best version of yourself.

Visit our website to learn more about our fitness coaching services and what we can offer you.

Peak Performance Coaching — Your Health, Our Priority. 💪",weak
2,1,1,1,3,2,2,3,3,1,19,Kill It,saas,unknown,cold,"Are you a business owner looking to save time and grow your business?

Introducing TaskFlow — the all-in-one SaaS platform built for modern teams.

TaskFlow has tons of amazing features including task management, team collaboration tools, file sharing, calendar integration, automated workflows, reporting dashboards, time tracking, and so much more.

Our software is easy to use and works for businesses of all sizes. Whether you're a small startup or a large enterprise, TaskFlow has everything you need to stay organized and be more productive.

We're constantly adding new features and updates to make sure you always have the best tools available. Our platform is cloud-based, secure, and accessible from any device.

TaskFlow is the solution for teams who want to do more.

Visit our website to learn more about TaskFlow and what it can do for your business.

TaskFlow. Work better.",weak
1,1,1,1,2,2,1,2,2,1,14,Kill It,ecommerce,unknown,cold,"**Introducing Our Amazing Products! 🛍️**

We sell high-quality items that are perfect for everyone. Our store has a wide selection of products at great prices that you won't find anywhere else.

Our products are made with premium materials and feature advanced technology. We have many different options available in various sizes and colors. Our inventory is always being updated with new and exciting items.

Some of the features of our products include:
• High quality
• Great value
• Fast shipping
• Good materials
• Many options to choose from

We are a trusted company that cares about our customers. Shop our collection today and find something you love. Visit our website to see everything we have available.

We ship worldwide. Orders processed daily. Customer satisfaction is important to us.

www.ourstore.com",weak
1,1,1,1,2,1,1,2,2,1,13,Kill It,info product,unknown,cold,"Hey everyone! Are you looking to make more money online? Well, you've come to the right place!

Our amazing information product has everything you need to succeed in the digital world. We cover so many incredible topics including strategies, methods, techniques, frameworks, and so much more.

This product includes video modules, PDF guides, worksheets, templates, bonus content, and access to our community. There's really a lot of stuff inside that we think you're going to love.

We've helped people from all different backgrounds and walks of life. Our system works for beginners and experienced people alike. It doesn't matter where you're starting from!

The information inside is based on proven concepts that successful people use. You'll learn things that most people don't know about. This knowledge can really change things for you.

We're passionate about helping people reach their goals and live the life they've always dreamed of. Financial freedom is something everyone deserves, and we believe we can help you get there.

Our product covers everything from A to Z so you won't need to look anywhere else for information. It's all right here in one convenient place.

If this sounds interesting to you, you might want to check out the link somewhere around this video. There you can find out more information about what we offer.

We hope to see you on the inside!",weak
1,1,1,1,2,2,1,2,2,1,14,Kill It,services,meta,cold,"We Help Businesses Grow Online 🚀

At Digital Edge Agency, we offer a wide range of services to help your business reach its full potential in the digital space.

Our services include:
✅ Social Media Management
✅ Paid Advertising
✅ SEO
✅ Content Creation
✅ Email Marketing
✅ Website Design
✅ Brand Strategy
✅ And much more!

We work with businesses of all sizes across many different industries. Our team of experienced professionals is dedicated to delivering results that matter to you and your business goals.

Whether you're a small business just starting out or an established company looking to scale, we have the tools and expertise to help you succeed in today's competitive digital landscape.

Digital marketing is more important than ever before, and having the right agency by your side can make all the difference for your business growth and online presence.

We are passionate about what we do and we love helping our clients achieve success.

Learn more about our services and how we can help your business by visiting our website or sending us a message today.

Digital Edge Agency — Your Partner in Growth 💼

www.digitaledgeagency.com",weak
2,2,1,2,3,2,2,3,2,2,21,Kill It,services,unknown,cold,"Are you looking to get fit and reach your health goals? At Peak Performance Coaching, we offer a wide range of fitness services designed to help you transform your body and live a healthier lifestyle.

Our certified coaches have years of experience in the fitness industry. We provide personalized workout plans, nutrition guidance, accountability coaching, one-on-one sessions, group training options, progress tracking tools, access to our online portal, weekly check-ins, and so much more.

We use the latest fitness methodologies and science-based approaches to help you achieve the results you're looking for. Our comprehensive program covers all aspects of health and wellness, including strength training, cardio, flexibility, and mindset work.

Whether you're a beginner just starting your fitness journey or an experienced athlete looking to take things to the next level, we have something for everyone. Our programs are fully customizable to fit your unique needs and schedule.

Fitness is important for your overall health and wellbeing, and investing in yourself is always a good decision. We believe that everyone deserves to feel confident and energized in their body.

Visit our website to learn more about our coaching packages and pricing options. We offer various plans to fit different budgets and goals. Check us out online and see if Peak Performance Coaching might be the right fit for you.

PeakPerformanceCoaching.com",weak
1,1,1,1,2,2,2,3,2,1,16,Kill It,saas,unknown,cold,"**Introducing TaskFlow Pro — The Software Your Business Needs!**

Are you a business owner looking to improve your productivity? TaskFlow Pro is a powerful SaaS platform designed to help companies of all sizes manage their workflows more efficiently.

Our platform includes:
• Task management features
• Team collaboration tools
• Real-time dashboards
• Reporting and analytics
• Cloud-based storage
• Integration capabilities
• Customizable settings
• User-friendly interface

TaskFlow Pro is built with the latest technology to ensure your business stays ahead of the competition. Whether you're a small startup or a large enterprise, our solution has everything you need to streamline your operations.

We offer various pricing plans to suit different business needs. Our software is easy to use and can be set up quickly.

Learn more about TaskFlow Pro and how it can benefit your business. Visit our website to explore all the features we have to offer and find the right plan for your organization.

TaskFlow Pro — Better Productivity Starts Here.

www.taskflowpro.com",weak
1,1,1,1,2,1,1,2,2,1,13,Kill It,ecommerce,unknown,cold,"Hey everyone! Welcome to ShopEase, your one-stop destination for all your shopping needs!

We have so many amazing products available on our website. From electronics to clothing to home goods and so much more. We carry thousands of items from hundreds of brands that you might like.

Our website is easy to use and has a great interface. We also have a mobile app. Products are listed with descriptions and images. We have a search function and category filters. Our checkout process has multiple steps and various payment options are accepted.

We update our inventory regularly with new products. There are also sales sometimes throughout the year. Our prices are competitive with the market.

We've been in business for a while now and have served many customers across the country. Customer satisfaction is something we think about.

Our shipping is handled by various carriers and delivery times can vary depending on your location and the items ordered. We also have a returns policy that you can read about on our website.

So if you're looking to buy things online, ShopEase might be worth checking out. We have lots of stuff. You can visit us at ShopEase dot com to browse around and see what we have available at this time.

Thanks for watching!",weak
4,2,2,2,4,3,4,3,4,2,30,Kill It,info product,unknown,cold,"**Tired of feeling stuck in your 9-5?**

Our online course teaches you how to build a profitable freelance business from scratch — even if you have no experience.

Inside you'll learn:
- How to find your first clients
- How to price your services
- How to manage your time and income

Hundreds of students have already gone through the program and seen real results in their career and income.

The course is self-paced, so you can learn on your own schedule.

**Click the link below to learn more and get started today.**",average
2,2,2,1,3,4,2,3,2,2,23,Kill It,services,unknown,cold,"Are you struggling to grow your business online?

At Apex Digital Agency, we help businesses like yours get more leads and increase revenue through our range of digital marketing services.

We offer social media management, paid advertising, SEO, email marketing, and more — all handled by our experienced team so you can focus on running your business.

We've worked with clients across multiple industries and helped them see real results.

If you're ready to take your marketing to the next level, visit our website at ApexDigital.com to learn more and schedule a free consultation.

Don't let your competitors get ahead — reach out to Apex Digital Agency today.",average
6,6,4,4,7,7,6,7,5,5,57,Weak,services,meta,cold,"**Tired of Starting Over Every Monday?**

If you've tried workout programs before but always seem to fall off after a few weeks, you're not alone.

At Peak Form Coaching, we help busy adults build a fitness routine that actually fits their lifestyle — so you can lose weight, build strength, and feel better without spending hours in the gym.

Here's what you get:
- Personalized workout plan
- Nutrition guidance
- Weekly check-ins with your coach
- Access to our private support community

We work with people of all fitness levels, whether you're just getting started or trying to break through a plateau.

**Right now we're offering a free 20-minute strategy call** where we'll map out a plan based on your specific goals.

No pressure, no commitment — just clarity on what it's going to take to get results.

👉 Click ""Learn More"" to book your free call before spots fill up.",average
3,4,3,2,5,6,4,5,4,3,39,Kill It,saas,unknown,cold,"Hey, if you're running a business and still managing your projects with spreadsheets and sticky notes, you might want to stick around for this.

Introducing FlowDesk — the project management platform built for small and medium businesses.

With FlowDesk, you can track tasks, collaborate with your team, set deadlines, and see everything in one place. It's got a clean dashboard, integrations with tools you already use, and you can get set up in under an hour.

We've helped thousands of businesses get more organized and stop missing deadlines.

Plans start at just $29 a month, and there's a free trial so you can test it out before you commit.

If you're tired of things falling through the cracks, head to FlowDesk.com and start your free trial today.",average
2,1,2,1,3,3,2,3,3,2,22,Kill It,ecommerce,unknown,cold,"**Tired of overpaying for everyday essentials?**

At ShopNova, we carry thousands of products across home, fashion, and lifestyle — all at prices that won't break the bank.

Whether you're upgrading your living space or treating yourself to something new, we've got you covered.

Customers love our fast shipping and wide selection.

Shop now and find something you'll love.

👉 Visit us at ShopNova.com",average
3,2,2,3,4,3,3,4,3,2,29,Kill It,info product,meta,cold,"Hey, if you've been struggling to make money online, you're going to want to stick around for the next 60 seconds.

My name is Jason, and over the past few years I've figured out a system that helps regular people generate income from their laptop — without needing any special skills or prior experience.

Inside my program, you'll learn how to identify profitable niches, build a simple sales funnel, and start driving traffic to your offers. We cover everything from the basics all the way to more advanced strategies that are working right now in 2024.

A lot of our students have gone through the material and started seeing results within their first few weeks of implementing the steps.

The program includes video training modules, downloadable worksheets, and access to our private community where you can ask questions and get support along the way.

If this sounds like something you'd be interested in, click the link below this video to learn more. You can check out all the details on the page and see if it's the right fit for you.

We do have a limited-time offer running right now, so I'd recommend checking it out sooner rather than later.

Click the link below and I'll see you on the other side.",average
3,4,2,2,5,5,3,4,3,2,33,Kill It,services,unknown,cold,"**Tired of managing your marketing on your own?**

Running a business is already a full-time job. Adding social media, ads, and content creation on top of that can feel overwhelming.

That's where we come in.

At Apex Agency, we help small and medium businesses grow their online presence through done-for-you marketing services — including paid ads, content strategy, and social media management.

Our team handles the heavy lifting so you can focus on what you do best: running your business.

**What we offer:**
- Paid advertising (Facebook, Instagram, Google)
- Social media management
- Content creation
- Monthly reporting and strategy calls

We've worked with businesses across multiple industries and have helped our clients see real, measurable growth.

Ready to take your marketing to the next level?

**Book a free 30-minute strategy call today and let's talk about what's possible for your business.**

👉 Click the link below to get started.",average
2,4,3,3,4,3,3,5,3,3,33,Kill It,services,unknown,cold,"Are you tired of going to the gym and not seeing the results you want?

At Peak Performance Coaching, we help everyday people get in shape and reach their fitness goals through personalized workout plans and nutrition guidance.

Our certified coaches work with you one-on-one to build a program that fits your lifestyle and schedule. Whether you want to lose weight, build muscle, or just feel better, we've got a plan for you.

One of our clients, Jake, lost 20 pounds in just three months working with our team.

Here's what you get when you sign up:
- Custom workout plans
- Nutrition coaching
- Weekly check-ins with your coach
- Access to our online training app

We've helped hundreds of clients transform their bodies and we're ready to help you too.

If you're ready to finally make a change, click the link below to book a free 30-minute consultation with one of our coaches. Spots are limited, so don't wait too long.

Head to our website and let's get started today.",average
6,7,4,2,6,8,6,7,5,5,56,Weak,saas,meta,cold,"**Tired of juggling 5 different tools just to run your business?**

ProjectFlow brings your tasks, team, and deadlines into one simple dashboard — so nothing falls through the cracks.

✅ Task management
✅ Team collaboration
✅ Reporting & analytics

Thousands of small business owners have already made the switch.

Try it free for 14 days — no credit card required.

👉 Start your free trial at ProjectFlow.com",average
1,1,1,1,3,2,1,2,2,1,15,Kill It,ecommerce,unknown,cold,"Are you tired of paying too much for everyday products?

At ShopEase, we've got thousands of items across dozens of categories — electronics, home goods, clothing, fashion accessories, and a whole lot more. We carry top brands and new arrivals every single week.

Our customers enjoy a convenient online shopping experience with multiple payment options and a straightforward checkout process. We ship to most locations and have a customer service team ready to help.

Right now we're running some great deals on select items sitewide. You could save on things you already need and want.

Whether you're shopping for yourself or looking for a gift, ShopEase has something for everyone.

Head over to ShopEase dot com today and take a look around. You might find exactly what you're looking for.

Visit us at ShopEase dot com.",average
4,2,2,3,4,3,4,3,3,2,30,Kill It,info product,unknown,cold,"Tired of feeling stuck in your 9-5 with nothing to show for it?

Our Online Income Accelerator program teaches you the exact steps to build a profitable online business from scratch — even if you have no experience.

Inside, you'll learn:
• How to pick a profitable niche
• How to create and sell digital products
• How to drive traffic with social media
• How to build an email list that converts

Hundreds of students have already gone through the program and started seeing real results.

If you're ready to finally take control of your income, click the link below to learn more.

👉 Get started today — spots are limited.",average
2,2,1,1,3,3,2,3,2,2,21,Kill It,services,unknown,cold,"Are you a business owner struggling to get results from your marketing?

At Apex Agency, we help businesses like yours grow through a range of digital marketing services — including social media management, paid advertising, SEO, and content creation.

Our team of experienced marketers works with you to understand your goals and build a strategy that fits your business.

We've worked with clients across multiple industries and helped them increase their online presence and drive more traffic to their websites.

If you're ready to take your marketing to the next level, visit our website at ApexAgency.com to learn more and schedule a free consultation.

ApexAgency.com — let's grow your business together.",average
6,5,4,3,6,7,5,6,5,4,51,Weak,services,meta,cold,"**Tired of starting over every Monday?**

At Peak Form Coaching, we help busy adults lose weight and build real strength with a program designed around your schedule and goals.

What you get:
- Personalized workout plan
- Nutrition guidance
- Weekly check-ins with your coach
- Access to our private support community

We've helped over 200 clients get in the best shape of their lives.

**Ready to finally see results?**

Click ""Learn More"" to book a free 20-minute consultation and find out if our program is right for you.

*Spots are limited — we only take on new clients monthly.*",average
3,4,3,2,5,7,3,5,4,3,39,Kill It,saas,unknown,cold,"Hey, if you're running a business and spending too much time on admin work, you're going to want to hear this.

Introducing TaskFlow — the project management software that helps your team stay organized and get more done.

With TaskFlow you can assign tasks, track deadlines, and collaborate with your team all in one place. It also integrates with the tools you're already using, like Slack and Google Drive.

Thousands of businesses are already using TaskFlow to manage their work more efficiently.

If that sounds useful, head to TaskFlow.com and start your free 14-day trial today. No credit card required.

TaskFlow. Get more done.",average
3,3,3,2,5,6,3,5,4,3,37,Kill It,ecommerce,meta,cold,"**Tired of overpriced skincare that doesn't even work?**

Our hydrating face serum is made with natural ingredients to help you get clearer, smoother skin in just a few weeks.

✔️ Lightweight formula
✔️ Suitable for all skin types
✔️ Cruelty-free

Hundreds of customers are already loving their results.

Shop now and get 20% off your first order. Use code: GLOW20

👉 Click the link below to grab yours today.",average
2,2,2,3,4,3,3,4,3,2,28,Kill It,info product,unknown,cold,"Hey, if you've been struggling to make money online, this video is for you.

My name is Jason, and over the past few years I've built a successful online business teaching people how to generate income from home using simple digital marketing strategies.

Inside my program, Digital Income Accelerator, you'll learn how to find profitable niches, build your audience, create digital products, and start making sales — even if you're a complete beginner.

The course includes over 40 video lessons, downloadable worksheets, and a private community where you can connect with other students who are on the same journey.

A lot of people who go through the program start seeing results within their first few weeks of applying the methods.

If you're tired of the 9-to-5 and you're ready to finally take control of your income, this could be exactly what you've been looking for.

Click the link below to learn more and get started today. We also have a free training available if you want to see what the program is all about before you commit to anything.

Check it out — the link is right below this video.",average
3,2,2,1,4,5,3,4,3,2,29,Kill It,services,meta,cold,"**Is your business invisible online?**

At Apex Digital Agency, we help small and medium businesses grow their presence on social media, run better ads, and get more leads every month.

Our services include:
- Social media management
- Paid advertising (Meta & Google)
- Content creation
- Email marketing

We've worked with businesses across multiple industries and helped them see real results.

If you're ready to take your marketing to the next level, we'd love to chat.

📩 Send us a message or click the link below to book a free consultation call.

**Let's grow your business together.**

[Book Your Free Call]",average
3,4,3,2,4,4,3,5,3,3,34,Kill It,services,unknown,cold,"Are you struggling to reach your fitness goals on your own?

At Peak Performance Coaching, we help busy people get in shape with personalized workout and nutrition plans designed around your schedule.

Our certified coaches will build you a custom program, check in with you weekly, and adjust your plan as you progress. Whether you want to lose weight, build muscle, or just feel better, we've got a program that can work for you.

We've helped hundreds of clients transform their bodies and feel more confident.

If you're ready to finally make a change, click the link below to book a free consultation call with one of our coaches. Spots are limited, so don't wait too long.

Visit our website today and let's get started.",average
4,6,4,2,6,7,4,6,5,4,48,Weak,saas,meta,cold,"**Tired of juggling too many tools just to run your business?**

ProjectFlow brings your tasks, team, and deadlines into one simple dashboard — so nothing falls through the cracks.

✅ Task management
✅ Team collaboration
✅ Reporting & analytics

Thousands of small business owners are already saving hours every week.

Try it free for 14 days — no credit card required.

👉 Click ""Learn More"" to get started today.",average
2,2,1,1,3,2,1,3,3,1,19,Kill It,ecommerce,unknown,cold,"Hey, are you tired of overpaying for the products you love?

At ShopNova, we carry thousands of items across every category — electronics, home goods, fashion, fitness, and more. Whether you're looking for something for yourself or a gift for someone special, we probably have it.

We offer competitive prices and a pretty easy checkout process, and shipping is available nationwide.

A lot of our customers come back to us again and again, so we think you'll like what you find.

Head over to ShopNova.com and take a look at what we have in stock. Use code SAVE10 at checkout to get 10% off your first order.

ShopNova — shop more, spend less.",average
3,2,2,2,4,3,3,3,3,2,27,Kill It,info product,unknown,cold,"**Tired of feeling stuck in your 9-5?**

Our online course teaches you how to build a profitable digital business from scratch — even if you have no experience.

Inside you'll learn:
- How to find a profitable niche
- How to create and sell your first digital product
- Marketing strategies to get your first customers

Hundreds of students have already gone through the program and seen real results.

If you're ready to take the next step, click the link below to learn more.

👉 **Enroll Today →**",average
2,2,1,1,3,3,3,4,3,2,24,Kill It,services,unknown,cold,"Are you a business owner struggling to get consistent results from your marketing?

At Apex Agency, we help businesses like yours grow through done-for-you digital marketing services. We handle everything from social media management and paid ads to SEO and content creation.

Our team has worked with clients across multiple industries and we know what it takes to get your brand in front of the right people.

We offer flexible packages depending on your budget and goals, and our process is straightforward — we get to know your business, build a strategy, and start executing.

If you're tired of trying to figure out marketing on your own, it might be time to bring in a team that does this every day.

Head to our website to learn more and book a free discovery call. We'll take a look at where you're at and give you some ideas on how we can help.

Visit ApexAgency.com today.",average
5,4,3,4,6,6,5,6,5,4,48,Weak,services,meta,cold,"**Tired of starting over every Monday?**

If you've tried diets and workout plans before but can't seem to make them stick, you're not alone.

At Peak Form Coaching, we help busy adults lose weight and build real strength with personalized training and nutrition plans built around YOUR schedule.

What you get:
- Custom workout programming
- Nutrition guidance
- Weekly check-ins with your coach
- Support and accountability

No cookie-cutter plans. No guessing. Just a clear path to the results you've been working toward.

We're currently accepting new clients for our 12-week program.

**Click ""Learn More"" to book a free consultation and find out if it's a good fit for you.**",average
2,3,2,1,4,5,3,4,3,2,29,Kill It,saas,unknown,cold,"Hey, if you're running a business and struggling to keep track of your projects, I want to tell you about TaskFlow.

TaskFlow is a project management platform that helps teams stay organized and get more done. It comes with task assignments, deadline tracking, file sharing, team messaging, and reporting dashboards all in one place.

A lot of businesses are already using it to manage their workflows more efficiently.

You can try it free for 14 days — no credit card required.

Just head to TaskFlow.io to get started today.",average
3,2,2,1,3,4,2,3,3,2,25,Kill It,ecommerce,unknown,cold,"Tired of overpriced skincare that doesn't actually work?

At Glow & Co., we carry premium skincare products designed to help you look and feel your best — without breaking the bank.

Our customers love our wide selection of cleansers, moisturizers, and serums made with quality ingredients.

Shop our collection today and find something that works for you.

Use code GLOW15 for 15% off your first order.

👉 Shop Now at GlowAndCo.com",average
2,2,2,3,4,3,2,3,3,2,26,Kill It,info product,unknown,cold,"Hey, if you've been struggling to make money online, I want to show you something that's been working really well for a lot of people.

My name is Jason, and I put together a complete training program that walks you through how to build a profitable online business from scratch — even if you have no experience.

Inside the program, you're going to get step-by-step video modules, templates you can use right away, and strategies that are working right now in today's market.

A lot of people who go through this training start seeing results within their first few weeks.

The information inside took me years to figure out on my own, but I've packaged it all up so you can skip the trial and error and get straight to what works.

If you're serious about creating an extra income stream and finally having more freedom in your life, this is worth checking out.

Click the link below this video to learn more and get started today.

Spots are limited, so don't wait too long.",average
3,2,2,1,3,3,3,4,3,2,26,Kill It,services,meta,cold,"**Tired of managing your marketing while trying to run your business?**

Our agency helps small and medium businesses grow their online presence through social media management, paid ads, and content creation.

We've worked with clients across multiple industries and helped them get more leads and sales online.

Our services include:
- Social media management
- Facebook & Instagram ads
- Content creation
- Email marketing
- Strategy consulting

Whether you're just getting started or looking to scale, we have a package that fits your needs and budget.

Ready to take your business to the next level?

**Send us a message today to learn more about what we can do for you.**

---

*Follow our page for tips and updates.*",average
2,3,2,3,4,5,3,5,3,2,32,Kill It,services,unknown,cold,"Are you tired of going to the gym and not seeing the results you want?

At Peak Performance Coaching, we help everyday people get in shape and reach their fitness goals with personalized coaching programs designed around your lifestyle.

Our coaches will put together a custom workout plan and give you guidance on nutrition so you know exactly what to do to start seeing progress.

We work with people of all fitness levels, whether you're just starting out or you've been training for years but feel stuck.

Some of our clients have lost weight, built muscle, and finally felt confident in their own skin after working with us.

If you're ready to stop guessing and start making real progress, head to our website and book a free consultation call with one of our coaches.

We'll talk about your goals and figure out the best plan to help you get there.

Visit PeakPerformanceCoaching.com today and take the first step toward the body and lifestyle you've been working toward.

Spots are limited, so don't wait too long.

We'd love to help you get started.",average
5,6,4,3,6,7,5,7,5,5,53,Weak,saas,unknown,cold,"**Tired of managing your business with 5 different tools?**

ProjectFlow brings your tasks, team, and deadlines into one simple dashboard — so nothing falls through the cracks.

✅ Task management
✅ Team collaboration
✅ Reporting & analytics

Thousands of small business owners have already made the switch.

Try it free for 14 days. No credit card required.

👉 Get started at ProjectFlow.com",average
2,2,1,1,3,3,1,3,3,1,20,Kill It,ecommerce,unknown,cold,"Hey, are you tired of spending too much money on everyday products?

At ShopEase, we've got thousands of items across every category — electronics, home goods, clothing, fitness, and more. We carry top brands and new arrivals every single week, so there's always something new to discover.

Our products are high quality and come at prices that are hard to beat. We also offer fast shipping so you can get your order without the long wait.

Whether you're shopping for yourself or looking for a gift, ShopEase has something for everyone.

Check us out and see what we have in stock. Visit ShopEase dot com today and browse our full collection.",average
3,2,2,2,4,3,4,4,4,2,30,Kill It,info product,unknown,cold,"**Tired of feeling stuck in your 9-5?**

Our Online Income Accelerator program teaches you how to build a profitable digital business from scratch — even if you have no experience.

Inside you'll learn:
- How to find a profitable niche
- How to create your first digital product
- How to drive traffic and make sales

Hundreds of students have already gone through the program and seen real results.

If you're ready to start building something of your own, click the link below to learn more.

**👉 Check out the program here**",average
2,2,1,1,3,4,2,3,3,1,22,Kill It,services,unknown,cold,"Are you a business owner struggling to get results from your marketing?

At Pinnacle Agency, we help businesses like yours grow with our range of digital marketing services — including social media management, paid advertising, email marketing, and more.

Our team of experienced professionals works with you to create strategies tailored to your business goals. We've worked with businesses across multiple industries and helped them increase their online presence.

Whether you're looking to get more leads, more traffic, or more sales, we have the tools and expertise to help you get there.

Go to our website at PinnacleAgency.com to learn more and schedule a free consultation with our team today.",average
6,4,3,4,6,7,6,4,5,4,49,Weak,services,meta,cold,"**Tired of starting over every Monday?**

If you've tried diets and workout plans that worked for a few weeks but never stuck, you're not alone.

At Peak Form Coaching, we help busy adults lose weight and build real strength with a personalized plan that fits your actual schedule — not some ideal version of your life.

What you get:
- Custom workout programming
- Nutrition guidance
- Weekly check-ins with your coach

We work with people who are serious about making a change and ready to stay consistent.

**Book a free intro call this week and find out exactly what it would take to hit your goals.**

👉 Click the link below to get started.",average
3,5,3,2,5,7,4,6,4,3,42,Weak,saas,unknown,cold,"Hey, if you're running a business and still managing your projects in spreadsheets, you're probably wasting a lot of time.

That's where ProjectFlow comes in.

ProjectFlow is a project management tool that helps small business owners stay organized, track tasks, and collaborate with their team — all in one place.

You can assign tasks, set deadlines, leave comments, and see everything on a simple dashboard. It works on desktop and mobile, so your team stays connected wherever they are.

We've helped hundreds of businesses get more organized and stop missing deadlines.

If that sounds useful, you can try ProjectFlow free for 14 days — no credit card required.

Just click the link below to get started.",average
4,4,3,2,5,5,4,5,4,3,39,Kill It,ecommerce,unknown,cold,"**Tired of overpriced skincare that doesn't actually work?**

We created a simple daily routine that helps your skin look cleaner and more refreshed — without breaking the bank.

Our bestselling Glow Bundle includes a gentle cleanser, hydrating serum, and daily moisturizer, all made with natural ingredients.

Starting at just $49.

Thousands of customers have made the switch and love the results.

👉 Shop now at [website.com] and find the right routine for your skin.",average
3,2,2,4,5,3,4,4,3,2,32,Kill It,info product,unknown,cold,"Are you tired of working long hours and not seeing the results you want in your business?

My name is Jason, and I used to be in the exact same position. I was putting in 60-hour weeks and barely breaking even. Then I discovered a system that completely changed everything for me.

I've put together a complete training program called the Digital Profit Blueprint. Inside, you'll learn how to set up your online business the right way, find customers who are ready to buy, and start generating consistent income every month.

The program includes step-by-step video modules, worksheets, and a private community where you can ask questions and get support.

This works whether you're just starting out or you've been trying to make this work for a while without much success.

A few people who've gone through the program have seen some really solid results and finally felt like things were clicking for them.

If this sounds like something you're interested in, click the link below this video to learn more and get started today.

We also have a free training available if you want to see what the program is all about before you commit to anything.

Click the link now and I'll see you on the inside.",average
8,7,7,8,9,8,7,8,6,8,76,Strong,services,meta,cold,"**We turned a $4,200/month ad spend into $31,000 in new client revenue in 60 days. Here's exactly what we did.**

Our client Sarah ran a mid-size home renovation company. She was spending money on ads, posting on social media, and ""doing all the right things.""

But her phone wasn't ringing.

She came to us frustrated, close to cutting her entire marketing budget, and honestly — a little embarrassed that she couldn't figure it out herself.

Sound familiar?

Here's what we found: She wasn't missing effort. She was missing a system.

Within 60 days of working together, her calendar was booked 3 weeks out. She hired two new crew members. And she finally stopped wondering where her next job was coming from.

We did it by building her one clean, conversion-focused machine — targeted ads, a follow-up sequence that actually nurtures leads, and messaging that spoke directly to the customer she actually wanted.

No fluff. No 6-month ""brand awareness"" strategy. Real revenue, fast.

**This is what we do for growing businesses who are tired of paying for marketing that doesn't pay them back.**

Right now, we're opening 4 spots for new clients this month.

If you want to know exactly what's leaking revenue in your current marketing — and how to fix it — click below to book a free 30-minute audit.

No pitch. No pressure. Just clarity.

**→ Book Your Free Audit Before Spots Fill**",strong
9,7,8,9,8,7,9,8,6,8,79,Strong,services,meta,cold,"[COLD OPEN — someone staring at themselves in the mirror, exhausted]

""I did everything right. I meal prepped. I went to the gym five days a week. I downloaded every app. And after six months… I was exactly the same.""

That was Marcus. 38 years old, father of two, working 50-hour weeks.

Today he's down 47 pounds and just ran his first half marathon.

Nothing changed about his schedule. Nothing changed about his budget.

What changed was having someone who actually looked at *his* life — not some cookie-cutter program built for a 22-year-old with nothing but free time.

Here's the truth nobody in the fitness industry wants to say out loud:

Most programs fail you on purpose. Because if you got results, you'd stop buying.

At [Business Name], we do something radical. We make sure you actually win.

That means a custom plan built around your real schedule, your real food preferences, and your real starting point. Weekly check-ins that keep you accountable without making you feel judged. And a coach who answers your messages — actually answers them — when life gets hard and you feel like quitting.

Over 600 people have gone through this program. The average client loses 20 pounds in their first 90 days. But more than the weight, they tell us they got their confidence back. Their energy back. Themselves back.

Right now, we're opening 10 spots for a free Strategy Call where we map out exactly what your first 90 days would look like — no pitch, no pressure, just clarity.

But here's the thing — we close those spots every week because our coaches only take on clients they know they can genuinely transform.

If you're still watching this, you already know you're ready.

Click the link below. Book your call before someone else takes your spot.

Your next chapter starts today.",strong
8,8,8,8,9,7,8,8,6,8,78,Strong,saas,meta,cold,"**You're losing customers while you sleep. Here's how we fixed it.**

Last year, Marcus ran a $2M e-commerce store and still couldn't figure out why 68% of his customers never came back.

He tried email blasts. Hired a VA. Built loyalty programs from scratch.

Nothing worked.

Then he started using **Retain** — and within 90 days, his repeat purchase rate jumped from 32% to 61%.

He didn't change his product. He didn't hire anyone new.

He just finally knew *which customers were about to leave* — before they actually did.

---

Retain uses your existing sales data to predict churn, trigger the right message at the right moment, and bring customers back on autopilot.

No complicated setup. No data team required. It connects to Shopify, WooCommerce, or BigCommerce in under 8 minutes.

**Here's what our customers see in the first 90 days:**
✅ 40–60% increase in repeat purchase rate
✅ 3.2x ROI on average
✅ Thousands recovered in would-be lost revenue

Over 4,800 store owners are already using Retain. The ones who aren't are handing those customers to someone who is.

---

**Right now, we're offering a free 14-day trial — no credit card, no catch.**

You'll see your at-risk customers within the first 24 hours.

👇 **Click ""Learn More"" to start your free trial before this offer closes.**",strong
9,8,8,8,9,8,9,7,7,8,81,Strong,ecommerce,meta,cold,"[COLD OPEN — someone stares at a cluttered desk, exhausted]

""I wasted $340 on organizing products that made absolutely zero difference.""

---

Sound familiar?

You buy the bins. You buy the labels. You buy the aesthetic little baskets you saw on Pinterest — and three weeks later your space looks *exactly* the same.

Here's what nobody tells you: the products aren't the problem. **The system is.**

That's why we built **Orderly**.

Not just a store. A complete home organization system — where every product is designed to work *together*, shipped to your door in the right order, with a step-by-step setup guide so you're not just buying stuff… you're actually transforming your space.

Over **47,000 customers** have gone through the Orderly system. Here's what Sarah from Denver said:

*""I've tried everything. Orderly is the first thing that actually stuck. My kitchen has been transformed for 8 months now.""*

Right now, first-time customers get **20% off their first system, free shipping, AND a free 30-minute virtual setup call** — a $79 value, yours free.

But this offer expires Friday at midnight. We only run it four times a year.

If your space is draining your energy every single day, you don't need more willpower.

You just need the right system.

**Click below. Start today. Feel the difference by the weekend.**",strong
8,6,7,8,8,6,8,7,7,7,72,Average,info product,meta,cold,"**They told her she'd never replace her salary working from home.**

Six months later, Sarah quit her job on a Tuesday.

Not because she got lucky. Not because she had a huge following or a fancy degree.

Because she finally learned the one thing nobody teaches you about selling digital products online — and it changed everything.

Here's what most people get wrong:

They spend months building a course, a membership, an ebook… then launch it to complete silence. Crickets. Maybe three sales from friends who felt sorry for them.

That was Sarah too. That was me. That was hundreds of people we've watched give up right before the breakthrough.

The problem isn't your product. It's that nobody showed you how to position it, price it, and put it in front of people who are desperately ready to buy.

That's exactly what we fix inside **The Digital Product Blueprint.**

In just 6 weeks, you'll learn how to:
✅ Choose a product idea the market is already begging for
✅ Build it in days — not months
✅ Set up a simple sales system that works while you sleep
✅ Get your first buyers without spending a dollar on ads

Over **4,200 students** have gone through this program. Dozens have hit $10K months. Some have blown past six figures.

And right now, you can get started for less than a dinner out.

**→ Click ""Learn More"" to grab your spot before the price goes up this Friday.**

This works. The only question is whether you're the next success story — or still watching from the sidelines a year from now.",strong
8,7,8,9,7,2,9,6,5,7,68,Average,services,meta,cold,"---

**[OPEN on a split screen — left side: a business owner drowning in sticky notes, missed calls, and a blank ad dashboard. Right side: that same owner leaning back, smiling at a phone lighting up with leads.]**

---

You're not bad at business.

You're just doing the job of six people who should never have been you in the first place.

The ads. The funnels. The content. The copy. The follow-up sequences nobody ever follows up on.

I've watched brilliant founders waste $40,000 on agencies that sent monthly PDFs full of words like ""impressions"" and ""brand awareness"" — and delivered absolutely nothing you could deposit in a bank.

That's not a strategy. That's a subscription to confusion.

At **Ascend Agency**, we do one thing:

We turn your marketing budget into booked calls, paid clients, and revenue you can actually point to.

Not vanity metrics. Not a 47-slide deck. Revenue.

Here's what that looks like in the real world:

Marcus, a home remodeling contractor in Austin — $12,000 a month in ad spend, getting three calls a week. Ninety days with us? He closed $340,000 in new contracts and had to pause intake because his crew was full.

Sofia ran an online coaching business that had flatlined at $8K a month for almost a year. We rebuilt her funnel, relaunched her offer, and she crossed $30K the following month. She cried on our check-in call. So did we, honestly.

These aren't anomalies. This is the system working.

We handle your paid ads, your landing pages, your email sequences, your offer positioning — the entire revenue engine — so you can go back to being the CEO instead of the overwhelmed person pretending to understand A/B testing at midnight.

And here's what makes this different:

**We don't get paid well unless you grow.**

Our model is built on performance. Your wins are our wins. Your plateau is our problem to solve. That alignment is rare in this industry, and we're proud of it.

Right now, we are opening **four client spots** for Q2.

Not forty. Four.

Because we refuse to take on more",strong
9,7,7,9,8,7,9,8,7,8,79,Strong,services,meta,cold,"**I used to cry getting dressed in the morning.**

Not because I was lazy. Not because I didn't care.

Because I'd tried everything — the meal plans, the gym memberships, the 6am classes I'd quit by February — and nothing stuck. I was exhausted from starting over.

Then I stopped following programs built for someone else and started training in a way that was actually built for *me.*

In 6 months, I lost 34 lbs. But more than that — I stopped dreading my own reflection.

---

That's exactly what we do at **[Business Name].**

We don't hand you a cookie-cutter plan and wish you luck. We build your coaching around your schedule, your body, your life — and we stay in your corner every single week until you get there.

Our clients have:

✅ Lost 20, 30, 40+ lbs — without giving up wine or weekends
✅ Built strength they never thought possible after 35, 40, 50+
✅ Finally stopped ""restarting"" — because they never had to stop

---

Right now, we're opening **5 spots** for a free 30-minute Strategy Call where we map out exactly what it would take to hit your goal — no pitch, no pressure, just clarity.

If you're tired of doing this alone, this call is for you.

**👇 Click ""Learn More"" to claim your spot before they're gone.**",strong
8,9,8,9,9,9,8,8,6,9,83,Strong,saas,meta,cold,"[COLD OPEN — someone staring at three different spreadsheets, coffee going cold, looking defeated]

""I used to spend every Sunday night rebuilding the same report. Every. Single. Week.""

---

If you're running a business and your data still lives in spreadsheets, disconnected tools, and someone's inbox — you already know the feeling.

You're not behind because you're lazy. You're behind because the tools you're using were never built for the way you actually work.

That's exactly why we built **Dataflow**.

And look — I'm not going to sit here and list features at you.

Instead, let me tell you what happened when Carla, who runs a 12-person marketing agency in Austin, started using it.

She went from spending 11 hours a week on reporting… to 45 minutes. Her clients noticed. She raised her retainers. She took a Friday off for the first time in two years.

That's not a feature. That's your life back.

Dataflow connects every tool you already use, builds your reports automatically, and gives every person on your team one single place to see what's actually happening in the business — in real time.

No coding. No IT ticket. No Sunday night dread.

Over 14,000 teams switched in the last 12 months. The ones who waited? They're still rebuilding that spreadsheet.

Here's what I want you to do right now:

Click the link below and start a free 14-day trial. Full access. No credit card. And if you get on a call with our team this week, we'll personally build your first dashboard for you — free.

Not a template. Yours. Custom. Done.

**Dataflow. Finally, one place for everything.**

The link is right below this video. It takes 60 seconds to start.

Don't rebuild that spreadsheet again.",strong
8,8,8,9,8,8,8,7,7,8,79,Strong,ecommerce,meta,cold,"**You're still paying full price for skincare that isn't working.**

We talked to 47,000 women who said the same thing: ""I've tried everything."" Serums that promised miracles. Routines that took 20 minutes. Products that cost more than a car payment.

Then they found Lumière.

Not because of fancy packaging. Not because a celebrity posted it.

Because it *actually worked.* In 14 days or less — or we buy it back. No questions. No forms. No hassle.

Here's what makes it different:

Our Triple-Action Hydration Complex doesn't just sit on your skin. It absorbs in 90 seconds and starts working at the cellular level — the same technology used in dermatology clinics, now available without the $400 appointment.

Sarah from Austin put it this way:
*""I cried when I looked in the mirror at day 10. I hadn't recognized my own skin in 6 years.""*

She's not alone. Over 47,000 five-star reviews. Real faces. Real results.

Right now, first-time customers get 40% off their starter kit — but we only unlock this price for 48 hours at a time to protect supply.

The clock is real. The offer is real. The results are real.

👇 **Tap ""Shop Now"" and see your skin in 14 days — or get every penny back.**",strong
9,8,8,9,9,7,9,8,6,9,82,Strong,info product,meta,cold,"Here's the ad:

---

Stop me if this sounds familiar.

You've bought the courses. You've watched the tutorials. You've taken the notes, made the plans, set the alarms…

And you're still in the exact same spot you were 12 months ago.

That's not a motivation problem. That's not a discipline problem. That's a *system* problem — and it's not your fault.

Most information products hand you a fire hose and call it a curriculum. You drown in content, confuse motion with progress, and eventually convince yourself you're just not the type of person who figures this out.

I believed that lie for three years.

Then I stopped buying frameworks and built one that actually fit the way my brain works. Six months later I'd replaced my salary. A year after that I was turning down clients.

Now over 4,200 students have gone through the same process — people like Marcus, a high school teacher from Ohio who hit $11,000 in his first 90 days. Or Priya, a mom of three who built a waiting list before she ever ran a single ad.

They didn't get lucky. They got a specific sequence.

That's what I've packaged inside *The Leverage Method* — a step-by-step implementation program that takes you from scattered and overwhelmed to your first paying customers in 60 days or less. Not theory. Not inspiration. A repeatable process with weekly accountability, live coaching calls, and a private community of people who are actually doing the work alongside you.

Here's what makes this different: if you complete every module, attend the coaching calls, and don't see results in 60 days — I'll personally work with you one-on-one until you do. No refund form. No fine print. Just me, committed to your outcome the same way you are.

The window to join at the current price closes this Friday.

Click the link below this video. Watch the short presentation. Then decide with full information.

You've waited long enough.

---",strong
9,8,8,8,9,8,9,6,5,8,78,Strong,services,unknown,cold,"**We turned a $4,200/month agency retainer into $47,000 in new client revenue — in 90 days.**

That's not a typo.

And it's not a one-time fluke. We've done it for 11 agencies in the last 8 months.

Here's the uncomfortable truth most agency owners don't want to admit:

You're incredible at delivering results for your clients.

You're exhausted at doing it for yourself.

The proposals that never close. The follow-ups that go cold. The referrals that slow down every summer. You didn't start an agency to become a full-time salesperson — but that's exactly what survival demands.

That's where we come in.

We handle your entire client acquisition system. Positioning. Outreach. Funnel. Follow-up. Booked calls with decision-makers who already want what you sell.

You show up, do what you're great at, and close.

**Our clients average 6–9 qualified calls booked in their first 30 days.** Some close one. Some close four. All of them stop wondering where the next client is coming from.

We only work with 3 new agencies per month — because this only works when we go deep, not wide.

If you're doing $10K–$100K/month and you're ready to stop being the bottleneck in your own growth:

👇 **Click below. Book a 20-minute call. Walk away with a custom acquisition plan — whether you work with us or not.**

No pitch. No pressure. Just clarity.

[**Book My Free Strategy Call →**]",strong
9,9,8,9,9,8,9,8,6,9,84,Strong,services,meta,cold,"[COLD OPEN — someone mid-workout, exhausted, staring at themselves in the mirror]

""I did everything right. I tracked my food. I hit the gym five days a week. And after four months… I looked exactly the same.""

That was Marcus. 34 years old, father of two, working 50-hour weeks.

He didn't need more motivation. He didn't need another generic workout plan downloaded from Pinterest.

He needed someone to look at *his* body, *his* schedule, *his* life — and tell him exactly what was broken.

That's what we do.

My name is Coach Dre, and for the last nine years I've helped over 2,000 people — most of them busy, frustrated, and convinced they were just ""not built for this"" — completely transform how they look and feel in 90 days or less.

Not by working harder.

By finally working *right.*

Marcus lost 27 pounds in 11 weeks. But more than that — he said, and I'm quoting him directly — *""I stopped being invisible to myself.""*

Here's what we're offering right now:

A free 30-minute Breakthrough Call where we map out exactly why your current approach isn't working and build you a personalized plan on the spot. No pitch. No pressure. Just clarity.

And if we decide to work together, your first two weeks are completely free. If you don't feel the difference, you walk away. No questions, no charge.

Spots are limited to 10 this week because I refuse to take on more clients than I can coach properly.

Click the link below right now. Book your call before someone else takes your spot.

You've already proven you're willing to put in the work.

Let's make sure it actually works.",strong
9,8,8,8,9,7,8,8,7,8,80,Strong,saas,meta,cold,"**You're losing customers while you sleep — and you don't even know it.**

Every night, people visit your website, get stuck, have a question, and leave.

Not because they didn't want to buy.
Because no one was there to answer.

That's exactly why we built **Replai** — the AI-powered customer support tool that handles questions, objections, and follow-ups 24/7, so your team wakes up to *closed deals* instead of missed opportunities.

Here's what our customers are seeing:

⭐ *""We recovered $14,000 in abandoned carts in the first 30 days.""* — Marcus T., eCommerce founder

⭐ *""Our support ticket volume dropped 60% and our CSAT score went up.""* — Priya S., SaaS CEO

⭐ *""It paid for itself in the first week.""* — Jordan K., agency owner

No complicated setup. No hiring. No training.
Connect your website in 10 minutes, and Replai starts working immediately.

We're offering a **free 14-day trial** — no credit card required.
And if you don't see results, cancel with one click. No questions asked.

Your competitors are already automating this.
The question is whether you'll let them do it *to* you — or get ahead of them first.

👇 **Click ""Learn More"" to start your free trial before this offer closes.**",strong
8,7,7,8,8,7,8,7,7,8,75,Strong,ecommerce,meta,cold,"[COLD OPEN — someone frantically searching their kitchen]

""Where did I put it? I JUST had it…""

Sound familiar?

Most people spend 20 minutes a day looking for things they already own. That's over 120 hours a year — completely wasted.

We built NestOrg to fix that.

NestOrg is the smart home organization system that over 47,000 households have used to completely transform the way they store, find, and use the things they own.

No more digging through junk drawers. No more buying duplicates of things you already have. No more that low-grade stress humming in the background of your home life.

Here's what Sarah from Austin said after her first week:

*""I actually cried. I didn't realize how much mental weight I was carrying until it was gone.""*

NestOrg isn't just bins and labels. It's a complete system — designed by professional organizers, backed by behavioral psychology — that works with the way your brain actually thinks.

And right now, when you grab the Full Home Starter Kit, you get our signature labeling system, the 30-day guided setup program, AND a free 1-on-1 virtual organizing consultation — normally $149 — included at no extra charge.

That offer disappears Friday.

47,000 people already made the decision to stop losing time in their own home.

Click below. Start today. Feel the difference by the weekend.

NestOrg. Finally, a home that works for you.",strong
9,7,8,9,9,7,9,8,7,8,81,Strong,info product,meta,cold,"**They told her she'd never replace her 9-5 income online.**

Twelve months later, Sarah quit her job on a Tuesday and took her kids to Disney World on a Thursday.

She wasn't a tech wizard. She had no audience. She started with $47 and a laptop she shared with her husband.

What she had was a system.

---

The same system that's helped 2,300+ everyday people package what they already know into digital products that sell while they sleep.

Not dropshipping. Not crypto. Not ""influencer"" nonsense.

A simple, repeatable method for turning your existing knowledge, skills, or experience into an info product business that generates real income — without a huge following, a big budget, or anyone's permission.

---

Here's what happens when you join:

✅ You'll identify your profitable idea in the first 48 hours (even if you think you have ""nothing to sell"")
✅ You'll have your product built and ready before week two
✅ You'll know exactly how to get your first paying customer — without paid ads

And unlike the $2,000 courses that leave you more confused than when you started, you can get the entire system today for less than a dinner out.

---

**But here's the thing.**

This price goes up Friday. Not a fake countdown. Not a marketing gimmick. We've raised it four times already, and we'll raise it again.

2,300 people have already started. Some of them are now making more in a month than they used to make in a year.

The only question is whether you'll be able to say the same thing twelve months from now.

---

👇 **Click ""Learn More"" to see the full breakdown, read real student results, and lock in today's price before it's gone.**

Your knowledge is already worth something. It's time to get paid for it.",strong
8,8,7,7,9,8,8,8,5,8,76,Strong,services,meta,cold,"[COLD OPEN — someone staring at a laptop, visibly frustrated]

""I've paid three different agencies this year. I have nothing to show for it.""

Sound familiar?

---

Here's the truth nobody in this industry wants to admit:

Most agencies are selling you *activity* — reports, meetings, decks, deliverables — while quietly hoping you don't notice the results never come.

We built our agency because we were disgusted by that.

---

My name is [Name], and in the last 18 months, we've helped 47 businesses go from spinning their wheels to generating predictable, scalable revenue — without the bloated retainers, the account manager runaround, or the excuses.

Companies like [Client A], who went from $40K months to $190K months in under six months.

Or [Client B], who had *tried two agencies before us* and was ready to quit entirely — until we turned their pipeline around in 90 days.

---

Here's what makes us different:

We don't get paid to *do work.* We get paid to get *results.* Our contracts are built around performance milestones — not hours logged. If we don't hit the numbers we promise, you don't pay full price. Period.

That's not a gimmick. That's what we put in writing.

---

So here's what I want to offer you right now:

A free 45-minute Revenue Audit — where we get on a call, tear apart your current marketing and sales process, and show you *exactly* where money is leaking and what we'd do to fix it.

No pitch deck. No fluff. Just an honest diagnosis — whether you work with us or not.

---

The only catch?

We take on six new clients per month. That's it. Because beyond that, we can't guarantee the attention your business deserves.

If you're watching this, spots are open right now.

---

Click below. Book the audit.

And let's find out what your business is actually capable of.",strong
8,8,8,9,9,8,9,8,7,8,82,Strong,services,meta,cold,"**You didn't gain 30 pounds overnight. But you can lose it faster than you think.**

Sarah thought she'd tried everything.

Two gym memberships she stopped using. A meal plan she lasted 11 days on. A Peloton that became a very expensive clothes hanger.

She came to us frustrated, embarrassed, and convinced her body just ""didn't respond"" to dieting anymore.

12 weeks later, she's down 26 pounds — and for the first time in 6 years, she went shopping because she *wanted* to, not because nothing fit.

Here's what changed: she stopped following a program built for someone else.

At [Business Name], every coaching plan is built around YOUR schedule, YOUR food preferences, and YOUR body — not a one-size-fits-all PDF you could find on Pinterest.

You get:
✅ A custom nutrition plan (no starvation, no cutting out everything you love)
✅ Workouts designed for your fitness level and time availability
✅ Weekly 1-on-1 check-ins so nothing falls through the cracks
✅ A coach who actually responds when you're struggling at 9pm on a Thursday

We've helped 300+ people lose their first 20 pounds — including people who told us they were ""hopeless cases.""

You're not a hopeless case. You just haven't had the right plan yet.

**👇 Click below to book your free strategy call. It's 20 minutes, zero pressure, and you'll leave with a clear picture of exactly what's been holding you back.**

Spots are limited to 10 new clients this month — we keep it small on purpose.

[Book My Free Call →]",strong
9,8,8,9,9,8,9,7,6,9,82,Strong,saas,meta,cold,"[COLD OPEN — someone staring at three different spreadsheets, coffee going cold, looking defeated]

""I used to spend every Sunday night rebuilding the same report. Same data. Same formulas. Same feeling that I was one mistake away from sending the wrong numbers to my entire leadership team.""

That was me, 18 months ago.

Then a friend showed me Dataform — and I want to be honest with you, I was skeptical. I'd tried other tools. They all promised to save me time and delivered me a new set of problems to solve.

But here's what was different.

Within 48 hours, every report my team ran was pulling from one verified source of truth. No more version conflicts. No more ""which spreadsheet is correct."" No more Sunday nights.

Our Head of Finance called it ""the first tool that actually understood how we work.""

We went from 11 hours a week in manual reporting to less than one.

Eleven hours. Every single week. Back.

And we're not special — Dataform users across 4,000 companies have reported cutting reporting time by an average of 73% in their first 30 days.

Here's what I want to offer you.

Start a free trial today — no credit card, no sales call, no commitment — and if you don't see a meaningful reduction in reporting time within 30 days, our team will personally migrate your data and set up your first three dashboards for free.

We're that confident.

Because we've seen what happens when teams stop fighting their data and start trusting it.

Decisions get faster. Mistakes get caught before they cost you. And Sunday nights become Sunday nights again.

Click below. Start free. See it for yourself in the next ten minutes.

Your data's already there. We'll help you finally use it.",strong
9,8,9,9,9,7,9,8,7,9,84,Strong,ecommerce,meta,cold,"**You're not bad at cooking. You just have bad knives.**

I used to think I was the problem too.

Burnt edges. Uneven cuts. Herbs that bruised instead of sliced. I'd watch chefs on YouTube make it look effortless and wonder what I was missing.

Turns out — it was one tool.

After switching to the Kireha Chef's Knife, my prep time dropped by half. My cuts were cleaner. My food actually *looked* like food. And for the first time, I stopped dreading dinner.

Over 47,000 home cooks have made the switch. Here's what they keep saying:

⭐⭐⭐⭐⭐ *""I cried the first time I used it. I thought cooking just wasn't for me.""* — Maria T.

⭐⭐⭐⭐⭐ *""Threw out every other knife I owned. No regrets.""* — James R.

⭐⭐⭐⭐⭐ *""This is the gift I give everyone now.""* — Priya K.

The Kireha is hand-sharpened, perfectly balanced, and built to last decades — not months.

And right now, it's **30% off** with free shipping and a **lifetime sharpness guarantee.**

If it's not the best knife you've ever held, send it back. Every penny refunded. No questions. No hassle.

**→ Tap below to claim your 30% discount before it's gone.**

Your food deserves better. So do you.",exceptional
8,6,7,9,7,2,8,4,5,7,63,Average,info product,meta,cold,"""Stop. Before you skip this ad…

I want you to think about the last time you told yourself 'I just need to figure this out on my own.'

How long ago was that? Six months? A year? Three years?

And where are you right now compared to where you thought you'd be?

I'm not saying that to hurt you. I'm saying it because I was you.

My name is [Name]. And in 2019, I was sitting in a car I was ashamed to drive, checking a bank account I was afraid to look at, convinced that I was just one more YouTube video away from finally cracking the code.

I wasn't lazy. I wasn't stupid. I was just drowning in information and starving for a system.

Then one thing changed. Not my mindset. Not my motivation. My method.

Within 11 months, I'd crossed $340,000 in revenue. My students — people who came to me broke, burned out, and one Google search away from quitting — have now collectively generated over $4.2 million using the same framework.

People like Danielle, a single mom in Ohio who made her first $8,000 online in 47 days. Or Marcus, who walked away from a 14-year corporate career after replacing his salary in less than 90 days.

That framework is now inside a program called [Product Name].

Here's what you get:

The exact 5-phase system I used to go from zero to my first $100K — laid out step by step, so you're never guessing what comes next.

Done-for-you templates, scripts, and funnels that have already been tested, already been optimized, already been proven so you're not starting from scratch.

Live weekly coaching calls where you bring your real problems and leave with real answers — not theory.

A private community of people who are actually building, not just talking about it.

And because I want your first win to happen fast — inside week one, you'll get my 'Quick Cash Activation' module. It's the exact sequence I give every new student to generate their first dollars before they've even finished the course.

The full program is normally $1,997.

Right now, for people who find this ad and act before [",exceptional
9,8,8,9,9,8,8,9,6,9,83,Strong,services,meta,cold,"**We turned a $4,200/month agency retainer into $47,000 in new client revenue for a plumbing company in 91 days.**

They'd tried the other guys. Got a pretty website, a few Instagram posts, and a monthly PDF report full of numbers that meant absolutely nothing.

Leads? Dry.
Phone? Quiet.
Owner? Ready to quit on digital marketing entirely.

Then we came in.

No vanity metrics. No fluff reports. No ""brand awareness"" nonsense.

Just one obsessive focus: **revenue you can actually deposit.**

We rebuilt their entire client acquisition system from scratch — targeted ads that spoke directly to homeowners who needed them *right now*, a follow-up sequence that converted the leads they were already losing, and a Google presence that made them the obvious choice in their market.

91 days later, Marcus called us on a Tuesday afternoon.

*""I had to hire two more guys. I don't know what you people did, but don't stop.""*

We didn't stop.

---

Here's what we're offering right now:

**A free 30-minute Revenue Audit** — we'll dig into your current marketing, show you exactly where money is leaking out of your business, and hand you a clear roadmap to fix it.

No pitch. No pressure. No generic advice you've heard a hundred times.

If we're not confident we can get you a significant return, we'll tell you that too. We don't take clients we can't win for.

**We only open 4 spots per month.**

Three are already gone.

---

👇 Click ""Learn More"" and book your audit before the last spot fills up.

The call is free. The results won't be.",exceptional
9,7,8,9,8,3,9,8,6,8,75,Strong,services,meta,cold,"[COLD OPEN — someone mid-workout, visibly frustrated, stops, looks directly at camera]

""I did everything right. Six days a week in the gym. Tracked every calorie. For eight months.""

[pause]

""I lost four pounds.""

---

If that hits a little too close to home, stay with me for the next 60 seconds — because I'm about to show you exactly why that happens, and why it has nothing to do with your discipline, your genetics, or how hard you're willing to work.

My name is [Coach Name]. And three years ago, I was the person you just watched.

I wasn't lazy. I wasn't making excuses. I was *trying harder than almost anyone I knew* — and my body had almost nothing to show for it.

Then I learned something that most trainers will never tell you, because honestly, it makes their job less necessary:

**The body doesn't respond to effort. It responds to the right stimulus, in the right sequence, at the right time.**

That's it. That's the whole secret the fitness industry buries under supplement deals and generic workout plans.

Once I understood that, I dropped 23 pounds in 14 weeks. Not by training more — by training *correctly*. I got more sleep. I had more energy at work. My wife noticed before I did.

Then I started coaching others with the same framework.

Marcus, a 41-year-old father of three, hit his lowest body weight since college in 11 weeks — without giving up a single weekend with his family.

Diane had been stuck at the same plateau for two years. Gone in six weeks.

Tyler came to me thinking he needed more motivation. What he actually needed was a different program. He's up 14 pounds of muscle since January.

These aren't outliers. This is what happens when someone finally stops guessing.

Here's what I want to do for you.

For the next 14 days, I'm opening up a small number of spots for what I call a **Rapid Clarity Session** — a free, 45-minute, one-on-one call where we dig into your history, identify the specific reasons you've stalled, and I hand you a personalized action plan you can start *that same",exceptional
9,9,8,9,9,8,9,8,7,9,85,Strong,saas,meta,cold,"**We almost shut the business down.**

After 14 months of 60-hour weeks, my co-founder looked at me and said ""the spreadsheets are winning.""

We had customers. We had revenue. We had absolutely no idea where any of it was going.

Invoices buried in email threads. Follow-ups falling through the cracks. Three different tools that didn't talk to each other — and a bookkeeper who charged us $400/month just to make sense of the chaos we handed her.

That's when we built Ledgr.

Not to add another tab to your browser. To close them.

---

**Here's what happened when 200 small business owners switched to Ledgr in the last 90 days:**

→ Average 11 hours saved per week on admin
→ 34% faster invoice payment (automated reminders do the chasing)
→ $2,300 average recovered in overlooked billable hours — *in month one*

One user, Dana (a freelance architect from Austin), messaged us: *""I found $6,800 I had basically forgotten to collect. Ledgr paid for itself in 48 hours.""*

---

**What you get:**

Invoicing, expense tracking, client contracts, automated payment reminders, and a real-time dashboard that tells you exactly where your business stands — all in one place that took us 9 minutes to set up (we timed it).

No accounting degree required.
No spreadsheet archaeology.
No more ""I'll figure out the finances Friday"" (we both know how that ends).

---

**The offer — and we're not sure how long we can keep this:**

Start a free 21-day trial today. No credit card. No contracts.

And if you upgrade after the trial, we'll give you 3 months at 60% off — plus a free 1-on-1 onboarding call with our team to get everything set up *for* you.

You run the business. We'll handle the part that's been keeping you up at night.

**→ Try Ledgr free for 21 days**

*(2,400 businesses already have. The spreadsheets are losing.)*",exceptional
9,9,9,9,9,8,8,9,7,9,86,Strong,ecommerce,meta,cold,"[SOUND OF A PACKAGE BEING RIPPED OPEN]

""I almost didn't order it.""

Three years ago, I was spending $400 a month on stuff I could barely afford, from brands that didn't care if I ever came back.

Same day shipping delays. Wrong items. Customer service that put me on hold for 47 minutes — then hung up.

I told myself that's just... how online shopping works.

It's not.

When I placed my first order with [Brand], I got a handwritten note in the box. It said: *""If anything is wrong, reply to this card. We'll fix it tonight.""*

I've ordered 26 times since then.

Here's what nobody else is doing right now:

Every order ships free. Every single one. No minimum. No membership fee you forget to cancel.

If you don't love it — for any reason, any time — you get a full refund AND you keep the product. We don't want it back. We want you back.

And right now, first-time customers get 20% off their entire order automatically. No code. No hoops.

We do this because 94% of our customers reorder within 60 days. We don't need to win the sale. We need to win your trust.

If we do that — you'll stay.

If we don't — you paid nothing.

Click below right now. Your first order is waiting.

And there might just be a note in the box.",exceptional
9,7,8,9,8,2,9,5,5,7,69,Average,info product,unknown,cold,"**They told Marcus he was ""too old"" to start an online business at 54.**

Six months later, he replaced his $67,000 salary. Working 4 hours a day. From his kitchen table in rural Ohio.

He didn't have a following. He'd never made a YouTube video. He barely used Instagram.

What he *did* have was 30 years of knowledge inside his head that other people were desperately searching Google for at 2am.

---

That's the thing nobody tells you about the ""make money online"" world:

**The people quietly winning aren't influencers. They're ordinary people who packaged what they already know into a simple digital product — and let it sell while they sleep.**

No inventory. No employees. No commute. No ceiling.

A retired nurse charging $47 for a PDF. A divorced mom selling a $197 course on budgeting. A former mechanic with a $79 video guide.

These aren't viral sensations. You've never heard of them. They don't want you to.

---

Inside **The Info Product Blueprint**, I'll show you exactly how to:

✅ Pull the million-dollar idea *out of your existing knowledge* (most people skip this and fail before they start)

✅ Build a product in a single weekend — even if you hate tech

✅ Set up a dead-simple system that collects payments while you're at dinner, asleep, or on vacation

✅ Get your first buyers without a following, without ads, without begging friends and family

---

Here's what you get when you join today:

**The complete step-by-step Blueprint** — every phase, every template, every tool ($497 value)

**The ""First Sale in 14 Days"" Fast-Track** — the exact launch sequence my students use to hit their first payment fast ($197 value)

**Live weekly Q&A calls** — bring your real business, get real answers ($297 value)

**Private community** — 4,000+ members building alongside you, zero negativity ($97 value)

**Lifetime updates** — because this market moves fast and you'll never be left behind (priceless)

---

Total value: $1,088

**Your",exceptional
9,9,8,9,8,2,9,7,6,8,75,Strong,services,meta,cold,"[COLD OPEN — someone staring at their laptop, exhausted, whispering]

""I built this agency to have freedom. Instead I work 14-hour days and I'm still losing clients.""

---

Sound familiar?

Here's what nobody tells you when you start an agency:

Talent isn't enough.

You can be the best designer, the best media buyer, the best copywriter alive — and still watch your business slowly suffocate because you don't have a system.

Not a course. Not a template. A *system.*

Something that brings clients in while you sleep. Something that retains them month after month. Something that makes your agency feel like a machine — not a miracle you have to pull off from scratch every single day.

That's exactly what we build for agencies like yours.

In the last 18 months, we've helped 214 agency owners go from inconsistent, exhausting, feast-or-famine chaos... to predictable monthly revenue, waitlists, and the kind of confidence that comes from knowing exactly where your next client is coming from.

Agencies like Momentum Media — who went from $18k months to $94k months in under five months.

Or Rydell Creative — who signed their first retainer clients *ever* after seven years of project-to-project survival.

We don't just give you strategy.

We install it with you. Done alongside you. Until it works.

Here's what you get when you work with us:

A client acquisition engine built specifically for your niche. A retention framework that makes clients *afraid* to leave. A positioning overhaul that makes you the obvious choice — not just another option. And a fulfillment structure so clean, you can finally take a weekend off without the whole thing falling apart.

And here is the offer — and I want you to hear this clearly:

If we don't add at least $30,000 in new revenue to your agency within 90 days, we work for free until we do.

No asterisks. No fine print. No ""results may vary.""

We only win when you win. That's the only way we'll do business.

So if you're done white-knuckling this — if you're done wondering why agencies half as good as yours seem to",exceptional
9,8,9,10,9,8,9,7,7,9,85,Strong,services,meta,cold,"**I used to cry getting dressed in the morning.**

Not because I was lazy. Not because I didn't care.

Because I'd tried everything — the meal plans, the gym memberships, the 6am classes I'd quit by February — and nothing stuck. I was exhausted from starting over.

Then I stopped looking for motivation and started building a system.

In 8 months, I lost 34 pounds. But more than that — I stopped dreading my own reflection. I started saying yes to things I'd been quietly avoiding for years. Weddings. Beach trips. Photos with my kids.

That shift is exactly what I help people create inside **[Business Name] Coaching.**

---

Here's what you get when you join:

✅ A custom training plan built around YOUR schedule (not some influencer's)
✅ Nutrition coaching that doesn't require giving up your social life
✅ Weekly 1:1 check-ins so you're never guessing, never stuck
✅ A coach who actually answers your messages — same day

---

**The result?** 47 of my clients have collectively lost over 800 pounds in the last 18 months. More importantly, they've *kept it off.*

""I'd failed at diets for 11 years. In 16 weeks I lost 28 lbs and I genuinely enjoy how I eat now."" — Sarah M., 41

""I travel for work constantly. [Name] built around my chaos, not against it."" — James T., 38

---

Right now I'm opening **6 spots** for my 12-week 1:1 coaching program.

When they're gone, they're gone — I cap my roster on purpose so every client gets my full attention.

**Click below. Book a free 20-minute call. We'll map out exactly what's keeping you stuck and whether I'm the right person to fix it.**

No pressure. No pitch. Just clarity.

But only if you're serious about making this the last time you start over.

👇 **Book Your Free Call — Spots Fill Fast**",exceptional
9,9,8,9,9,8,8,8,6,9,83,Strong,saas,meta,cold,"[COLD OPEN — someone staring at three monitors, visibly exhausted, rubbing their eyes at 11 PM]

""I used to spend 14 hours a week just… managing the chaos.""

---

Spreadsheets that don't talk to each other.

Clients emailing you asking where their project stands.

Your team asking YOU the same question five minutes later.

And somewhere underneath all of it — the actual work you started this business to do — completely buried.

I know that feeling. Because two years ago, that *was* me.

---

Then I found Streamline.

Not another project management tool that makes you learn a new system just to explain your old problems.

Streamline actually watches how your team works — and rebuilds your workflow around it.

First week? It flagged three bottlenecks I didn't even know existed.

By week two, my team stopped asking me for status updates entirely.

By month two, we took on four new clients without hiring a single person.

---

Right now, Streamline is offering something they've never done before.

You get a full 30-day free trial — no credit card, no sales call, no pressure.

But here's what makes this different:

If you don't save at least five hours in your first week, they'll personally onboard your entire team for free and work with you until you do.

They're so confident it works, they're betting their own time on it.

---

Over 12,000 teams have already made the switch.

Customers like Dana, who runs a 22-person agency, said — and I'm quoting her directly — *""I got my Sundays back.""*

---

You didn't build your business to become its full-time administrator.

Click below. Start the free trial.

And find out what your business looks like when it finally runs without you holding it together by hand.

The link is right there.

Thirty days. Zero risk.

Go.",exceptional
9,9,8,8,9,7,9,8,7,9,83,Strong,saas,meta,cold,"**You're not bad at saving money. Your bank account just wasn't built for this.**

Most people check their budget, feel guilty, and do nothing differently tomorrow.

That cycle ends today.

We built Vaultly for the person who's tired of watching their paycheck disappear and has no idea where it actually went. No spreadsheets. No finance degree required. No judgment.

Just a smarter way to spend, save, and finally feel in control.

Here's what happened when Sarah, a teacher from Ohio, started using it:

*""I found $340 I didn't know I was wasting every month. In 11 minutes. I cried a little, honestly.""*

She's not special. She just had the right tool.

**Here's our promise to you:**

Use Vaultly for 30 days. If you don't find at least $200 hiding in your monthly spending, we'll refund every cent and send you a $20 gift card for wasting your time.

We're that confident — because we've seen it work for 47,000 people who thought they'd already ""tried everything.""

**The offer:**
✔ Full access, 30 days free
✔ No credit card required
✔ Setup takes less time than your coffee gets cold

You've read this far because something in your life needs to change.

That's enough reason to start.

👇 **Tap ""Shop Now"" and try it free. Your future self already knows what decision to make.**",exceptional
9,6,8,9,8,4,9,8,9,8,78,Strong,info product,youtube,cold,"[OPENS on a man sitting in a parked car in a driveway — engine off, hands on the wheel, staring at nothing]

""I used to sit here for 20 minutes every night before going inside.

Not because I was tired.

Because I didn't know how to tell my wife we were behind on the mortgage again.

I had a job. I was smart. I worked hard.

None of it was working.

[Cut to same man, different energy — relaxed, at a desk, morning coffee]

Then someone showed me what I was actually doing wrong.

It wasn't motivation. It wasn't effort.

It was that nobody had ever taught me the actual business model — the one that doesn't require inventory, doesn't require employees, doesn't require me to trade 60 hours for a paycheck.

Information. Packaged and sold online.

I took what I already knew — 11 years in supply chain logistics — and turned it into a course.

$6,800 in the first 30 days.

Then $18,000.

Then it stopped feeling like something I had to explain to my wife and started feeling like something she bragge about to her friends.

[Pause]

Here's what I know about you right now.

You're watching a YouTube ad. Which means you're looking. Which means some part of you already knows what you're doing isn't enough.

I'm not going to waste your time.

My name is [Name]. I've helped 2,241 people build and launch their first digital information product — from scratch — in 90 days or less.

People like Dana, a retired nurse from Ohio who made $4,100 in her first month teaching wound care documentation to new nurses.

Like Marcus, a college football coach who packaged his recruiting knowledge and hit $22,000 in 60 days.

Like Priya, who was working three part-time jobs, built a $9/month membership for first-generation college applicants, and replaced her income in four months.

They weren't special.

They were ready.

Here's what I'm offering you today — and I'm going to be direct because I respect your time.

For the next 72 hours, I'm opening enrollment to The Information",exceptional
8,7,7,7,8,8,7,8,5,7,72,Average,services,meta,cold,"**We turned a $4,200/month ad spend into $31,000 in new contracts for a local HVAC company in 47 days.**

No new website. No rebrand. No magic.

Just the right message, in front of the right people, at the right time.

Here's the uncomfortable truth most agencies won't tell you:

Your ads aren't failing because of your budget. They're failing because you're invisible to the people who are already ready to buy.

While your competitors are running the same tired ""Call us today for a free quote!"" ads… we're building campaigns that make your ideal customers feel like you read their minds.

The result? Phones that ring. Inboxes that fill up. Revenue that actually moves.

---

We've helped 60+ service businesses across home services, healthcare, legal, and professional services go from ""our marketing feels like throwing money into a black hole"" to having a predictable, scalable pipeline — in under 60 days.

$2.3M+ in tracked client revenue generated in the last 12 months alone.

---

Here's what you get when you work with us:

A done-for-you paid ads system built around YOUR customers, YOUR market, and YOUR margins — not some recycled template we slap your logo on.

Full creative. Full copy. Full strategy. Weekly reporting you can actually understand.

And a team that treats your ad spend like it's our own money.

---

**If you're spending — or ready to spend — at least $2,000/month on ads and you're not seeing a clear return, we'll audit your entire paid strategy for free.**

No pitch deck. No runaround. Just a straight answer on what's broken and exactly how to fix it.

Spots are limited to 5 audits per month. We're not being cute about that — our team is small and our process is hands-on.

**Click ""Learn More"" to claim your free audit before this month's slots are gone.**",exceptional
9,6,7,9,7,2,9,5,5,7,66,Average,services,unknown,cold,"[COLD OPEN — someone staring at their reflection, voice quiet]

""I lost 60 pounds twice. Because I found it both times.""

---

That was me at 38. Two kids, a desk job, and a drawer full of meal plans I'd bought, tried, and quietly buried.

I wasn't lazy. I wasn't undisciplined. I was just doing exactly what every generic fitness program told me to do — and getting exactly nowhere.

Here's what nobody tells you:

The reason you've failed before isn't your willpower. It's that you've been handed a system built for someone else's body, someone else's schedule, someone else's life.

---

My name is Marcus Cole. I've spent 11 years coaching real people — parents, executives, people who work night shifts, people who travel every week, people who've tried *everything.*

And I've learned one thing with absolute certainty:

**Consistency doesn't come from motivation. It comes from a plan that actually fits your life.**

That's why I built **FORGE** — a 90-day private coaching program where I build your training, your nutrition, and your accountability system completely around *you.* Not a template. Not a PDF. Me. Working with you, directly, every single week.

My clients have lost 30 pounds. Reversed pre-diabetes. Walked their daughters down the aisle feeling strong. Looked in the mirror for the first time in years and actually *liked* what they saw.

David, 44, came to me after three failed programs. He said, ""Marcus, I'm not even sure I'm coachable anymore."" Twelve weeks later, he was down 28 pounds and had run his first 5K since college.

Sandra, a night-shift nurse, lost 19 pounds in 10 weeks — without giving up her schedule or her sanity.

These aren't outliers. This is what happens when the plan finally fits the person.

---

Here's what you get inside FORGE:

A fully custom training program built for your body, your equipment, and your time.

A nutrition strategy that doesn't require you to eat food you hate or explain yourself at every dinner table.

Weekly one-on-one coaching calls with me — not an assistant,",exceptional
9,9,8,8,9,7,8,7,6,9,80,Strong,saas,meta,cold,"**You're losing customers while you sleep. And you don't even know their names.**

Every night, real people land on your site, browse your offer, and leave forever.

No email. No follow-up. No second chance.

You spent good money getting them there. And then… silence.

---

We built **Reclaim** because we watched a $4M e-commerce brand recover $380,000 in a single quarter — not by spending more on ads, but by finally capturing and converting the visitors they were already getting.

Here's what changed: every anonymous visitor who bounced now gets a personalized follow-up sequence before a competitor even has a chance to say hello.

---

**What you get with Reclaim:**

✓ Visitor identification (even without a form fill)
✓ Automated, human-sounding follow-up sequences
✓ Real-time intent signals so your team calls the right leads first
✓ Done-for-you setup in 48 hours

No new ad spend. No extra headcount. Just revenue that was already yours — collected.

---

*""We closed $67K in the first 30 days. I genuinely thought it was a reporting error.""*
— Marcus T., Founder, SolarPath Pro

*""Our sales team now starts every morning with a list of warm leads. It's like having a night shift we never had to hire.""*
— Diane K., VP Sales, NestCore

---

**Right now, we're offering 30 days completely free — no credit card, no contract, no catch.**

If you don't recover at least 3x the monthly subscription cost in your first 60 days, we'll refund every cent and let you keep the contact data you collected.

That's not a trial. That's a guarantee.

---

**→ Click ""Learn More"" to start your free 30 days before this offer closes.**

*(We cap new accounts each month to protect onboarding quality. 11 spots remaining.)*",exceptional
6,6,7,8,7,7,4,6,5,6,62,Average,ecommerce,meta,cold,"[COLD OPEN — someone staring at a cluttered desk, exhausted]

""I used to spend every Sunday dreading Monday.""

[Cut to fast-paced montage of packages, happy customers, phone notifications lighting up]

""Three years ago I was working 60-hour weeks at a job I hated, convincing myself that was just… life. Then my wife bought me something that changed the way I worked, slept, and honestly — thought.""

[Slow down. Product on screen.]

""I know that sounds dramatic. I thought so too.""

[Direct to camera]

""But here's what I know now — the right tools don't just save you time. They give you your life back.""

[Cut to customer review overlay]

*""I was skeptical. Two weeks later I cancelled my gym membership because I didn't need the stress relief anymore.""* — Marcus T., verified buyer

*""Ordered for my husband. He cried. That's all I'll say.""* — Dana R.

[Back to speaker]

""Right now — and I mean this week only — we're offering free shipping, a 90-day no-questions-asked guarantee, and a gift with every order over $50. Not because we have to. Because we're confident once you try it, you'll never go back.""

[Final beat. Quiet. Sincere.]

""You've watched this far. That means something in you is already ready.""

[CTA on screen]

**Click below. Try it for 90 days. If it doesn't change something — send it back. We'll cover everything.**

""But honestly? You won't want to.""",exceptional
8,7,7,9,8,3,9,5,5,7,68,Average,info product,unknown,cold,"**They told me $10K months were ""realistic goals.""**

I hit $10K in a single week — 14 months after I started. Here's what nobody told me when I was still Googling ""how to make money online"" at 1am.

---

I was a burned-out middle school teacher making $38,000 a year.

Not broke-broke. But the kind of broke where you do the math on your phone before you buy groceries. Where you say ""maybe next year"" to every trip, every dinner, every thing that was supposed to make life feel like *living.*

I tried dropshipping. Lost $400.
I tried freelancing. Traded time for dollars and still had no time.
I tried ""building an audience."" Posted for 6 months to 200 followers who never bought anything.

Then I accidentally stumbled onto something that changed the entire equation.

**Selling information people are already desperate to buy.**

Not courses about ""becoming a course creator."" Actual, specific knowledge — packaged in a weekend, sold on autopilot, to people who are *grateful* to pay for it.

My first product took 11 days to build.
It made $1,200 in the first week.
By month six it had made over $47,000.

I've since helped 2,300+ students — teachers, nurses, contractors, stay-at-home parents — do the same thing with what they already know.

---

**Here's what I want to give you:**

✅ The exact 4-step framework I use to find a profitable topic (even if you think you ""don't know anything special"")
✅ My $0 launch strategy that generated $6,800 before I had a website
✅ The pricing psychology trick that doubled my revenue overnight — without adding a single new customer
✅ My personal email sequence that converts cold strangers into buyers while I sleep
✅ A live 60-minute coaching call with my team — free — to map out *your* specific path

**This is the exact system inside my Digital Income Accelerator program.**

And right now, I'm opening 50 spots at a price that makes my accountant genuinely uncomfortable.

---

""I made my",exceptional
9,8,8,9,8,4,9,8,6,8,77,Strong,services,meta,cold,"[COLD OPEN — someone staring at a laptop, visibly frustrated, surrounded by sticky notes and cold coffee]

""I hired three freelancers last year. A copywriter, a media buyer, and a funnel designer. You know what I got? Three people pointing fingers at each other while my ad spend burned.""

---

That's a real quote. From a real founder. Who came to us six months ago generating $40,000 a month.

He's at $310,000 a month now.

Not because we're magic. Because we do something most agencies refuse to do —

We take *full* ownership of your growth. Copy. Ads. Funnels. Email. All of it. One team. One strategy. One throat to choke if it doesn't work.

And here's the part that probably sounds insane:

We don't get paid our full fee unless we hit your revenue targets.

We put our money where our mouth is because we already know what's going to happen when we look under the hood of your business. We've seen it before. The leaky funnel. The brilliant product with a terrible message. The ad account spending confidently in completely the wrong direction.

We fix the machine. Then we pour fuel on it.

Our clients include e-commerce brands, SaaS founders, and service businesses who were stuck — not because they lacked ambition, but because they were stitching together solutions with duct tape and hoping.

We've generated over $50 million in tracked revenue across our client portfolio in the last 24 months.

That's not a brag. That's a data point. One that should make you wonder what your number could look like.

Here's what we're offering right now —

A free Growth Audit. No pitch deck. No junior account manager reading from a script. You sit down with our senior strategist, we pull apart your current marketing, and we show you *exactly* where you're bleeding money and where your biggest opportunities are hiding.

You'll walk away with a clear roadmap whether you work with us or not.

But I'll be honest with you — most people who take the audit don't want to go back to doing it alone.

If you're doing at least $20,000 a month and you're serious about scaling",exceptional
